{"frames":{"New Piskel0.png":{"frame":{"x":0,"y":0,"w":96,"h":32},"rotated":false,"trimmed":false,"spriteSourceSize":{"x":0,"y":0,"w":96,"h":32},"sourceSize":{"w":96,"h":32}},"New Piskel1.png":{"frame":{"x":0,"y":32,"w":96,"h":32},"rotated":false,"trimmed":false,"spriteSourceSize":{"x":0,"y":0,"w":96,"h":32},"sourceSize":{"w":96,"h":32}},"New Piskel2.png":{"frame":{"x":0,"y":64,"w":96,"h":32},"rotated":false,"trimmed":false,"spriteSourceSize":{"x":0,"y":0,"w":96,"h":32},"sourceSize":{"w":96,"h":32}},"New Piskel3.png":{"frame":{"x":0,"y":96,"w":96,"h":32},"rotated":false,"trimmed":false,"spriteSourceSize":{"x":0,"y":0,"w":96,"h":32},"sourceSize":{"w":96,"h":32}},"New Piskel4.png":{"frame":{"x":0,"y":128,"w":96,"h":32},"rotated":false,"trimmed":false,"spriteSourceSize":{"x":0,"y":0,"w":96,"h":32},"sourceSize":{"w":96,"h":32}}},"meta":{"app":"https://github.com/piskelapp/piskel/","version":"1.0","image":"New Piskel.png","format":"RGBA8888","size":{"w":96,"h":160}}}